time,mn_id,x,y
0,0,23.471859232373227,77.22330598742207
0,1,91.18181891670919,61.161757674951176
0,2,74.50874959462138,12.141668185536393
0,3,81.98644414472733,50.34118565172139
0,4,93.94870230978921,45.95396865914624
0,5,97.14973763000215,48.85952484237309
0,6,3.7944067726393804,7.533636252963271
0,7,63.236373151692014,23.843505178083525
0,8,78.48276728373203,63.28564735778649
0,9,59.15463519648617,1.118749873761249
